id,mean_time_ms_10,mean_time_ms_20,mean_time_ms_30,mean_time_ms_40,mean_time_ms_50,mean_time_ms_60
0,550.2013363333334,464.73606433333333,401.32204733333333,442.04600666666664,426.20070733333336,499.5776813333334
1,930.8593273333332,649.9033766666666,598.796288,653.2377403333334,619.3226973333334,787.0566046666667
2,1101.6743973333332,821.9427266666667,827.4327113333334,875.6079669999999,837.6143773333333,1066.7897063333332
3,1266.087373,1003.8576133333332,1023.2869786666666,1072.4639096666667,1082.0340313333334,1339.9703499999998
4,1475.8686223333334,1189.2228916666668,1211.1573216666666,1340.4919309999998,1296.3360946666667,1588.4600483333334
5,1660.4959959999999,1394.5260046666665,1743.1720096666668,1529.6886763333332,1528.8532573333332,1858.6713473333332
6,1901.1970363333332,1576.4376323333333,1944.8856509999998,1740.7296496666665,1737.9053433333331,2089.3026990000003
7,2039.4579569999999,1758.8730653333334,2156.7753156666668,1935.0446856666667,1940.85598,2357.4143249999997
8,2196.2523459999998,1956.5499623333333,2356.8226499999996,2154.425065,2112.960656333333,2640.710354
9,2328.4870786666665,2143.1432566666663,2595.319748,2371.1886406666667,2331.292391,2902.7152856666667
10,2451.519330333333,2334.023078333333,2790.819883,2567.8210256666666,2528.509696333333,3161.2583
11,3009.1232460000006,2519.12268,3026.8157320000005,2759.1453393333336,2716.4683346666666,3439.299583666667
12,3166.3899420000002,2689.699013666667,3249.549707333333,2939.315319,2942.0855840000004,3704.599380333333
13,3392.268260333333,2862.3684246666667,3436.494032666667,3162.6926263333335,3147.276401333333,3985.381683
14,3512.409369333333,3046.132326333333,3627.2497173333336,3348.6112749999998,3363.587697333334,4253.750721666666
15,3654.43635,3216.209968333333,3871.8717096666664,3942.7154069999997,3559.653997,4493.692715666667
16,3796.160300333333,3400.325059666666,4073.332309666667,4110.1503373333335,3803.198973,4719.464698999999
17,3965.024709,3610.902309333333,4305.553038666666,4314.3352669999995,4007.8104333333335,4987.696409333334
18,4108.254035333333,3803.5593033333334,4500.5236466666665,4524.689039,4228.470723,5284.303983000001
19,4238.966941666667,3992.1909973333336,4733.854055333333,4776.801984000001,4463.272968666667,5568.068742333334
20,4400.859276,4186.005910333333,4934.497594666666,4994.930982666666,4690.071900666666,5880.831003333333
21,4556.352694666667,4366.787513666666,5114.411354333333,5178.9817809999995,4924.2996373333335,6170.768578666666
22,4696.195682333334,4553.927342,5289.0260223333335,5372.688055333333,5200.965007,6446.031968
23,4832.3302269999995,4809.343417666667,5498.069604,5555.887062999999,5443.0108863333335,6705.246925
24,5026.304960333334,5000.363667666667,5691.210349333333,5748.281955333333,5695.337374666667,6957.040628
25,5162.923654333334,5191.797018333334,5902.985016333333,5933.868964333334,5948.742389666667,7196.629604000001
26,5322.690963666667,5370.37468,6078.372637666667,6130.759000666668,6198.956330666667,7459.817568666666
27,5444.750388,5585.176944999999,6272.903681333333,6324.651400333333,6478.465398333334,7688.370307333334
28,5598.983287666667,5742.184639,6507.481892999999,6537.374337666667,6770.841758,7948.511997666667
29,5813.455979333333,5921.760638333333,6701.962629999999,6730.514606,7053.9992649999995,8176.498571666666
30,6017.397006666666,6094.903707333334,6904.448032333334,6932.247956666666,7311.206340666667,8400.954644
31,6188.0016319999995,6276.087363333332,7120.716015666666,7115.823030666666,7618.448734666667,8605.699698
32,6312.060753666666,6457.732995333333,7301.756938333333,7333.975315000001,7877.973954,8865.694681666668
33,6424.622297333332,6622.817039333332,7481.211344,7527.832587333333,8163.344780333333,9052.482366666667
34,6603.143294999999,6791.4342879999995,7671.097358,7753.950993666666,8386.492729,9293.813387666667
35,6740.348895666667,6982.945442333334,7900.835355,7957.561731333334,8649.458725999999,9490.745703333334
36,6886.0856693333335,7147.604067666667,8132.071653999999,8148.854732666667,8911.405245666667,9687.949578333331
37,7056.295315666667,7307.193279666666,8303.251027666665,8374.807755333333,9131.693363666667,9887.841304333333
38,7214.6170139999995,7528.407414666667,8537.096024,8600.553989666667,9689.021507666666,10097.426255666667
39,7356.214999999999,7663.064718333332,8691.140969333333,8801.845233,9960.444688666666,10285.939295999999
40,7468.352397333333,7873.406727999999,8919.658740333332,9087.168296666665,10200.359344333334,10521.621624666666
41,7621.4976313333345,8088.303566,9113.644282333335,9290.487289666666,10433.619976,10719.853321666667
42,7772.706349666667,8260.281324333335,9328.723033333334,9710.606654666668,10695.478042,10914.832989666667
43,7925.385316,8440.499782666666,9538.93137,9924.151341333332,10889.559984666666,11151.615937666667
44,8066.524982666667,8623.589992333335,9708.264429666668,10182.553371,11096.002260666666,11359.110672666668
45,8193.257968,8789.909998333333,9906.431912999999,10400.974353333333,11285.884062666666,11587.022939666667
46,8319.275935333333,9052.227020666667,10217.565298,10606.836954999999,11484.288215666666,11786.274274000001
47,8470.960617333332,9244.638602,10386.904558,10828.216075666665,11733.570655333335,12012.994607666667
48,8584.521452666668,9387.528737666666,10551.823616333333,11043.647766,11927.048126666668,12253.012975
49,8708.796342333333,9566.908280333333,10752.460320666667,11270.60469,12141.325314666667,12462.359269666666
50,8857.698679333333,9811.406056,10958.360353999999,11563.706000666667,12346.555948,12682.847658666666
51,9011.483033666666,9977.185726333331,11158.911069,11749.000629,12591.113329,12877.660989666669
52,9162.175019333334,10207.900047000001,11354.696671333333,11959.770043999999,12784.126679333334,13103.210290333334
53,9325.766087,10393.311023333334,11524.602651666666,12138.546387333334,13003.135045333334,13319.563706666668
54,9461.641629333333,10619.611025,11708.785454666666,12315.052668666665,13239.77979,13546.028614333334
55,9652.142286,10802.150408666666,11943.024953,12491.855701333334,13449.355284333333,13773.436387666667
56,9775.907357333332,11043.676933,12136.46968233333,12663.352648666667,13655.653953666668,14037.510712999998
57,9914.976994333334,11218.429565666665,12305.462598666665,12842.94192,13874.418656333333,14278.171301
58,10068.370024333331,11429.837942333334,12480.688333333332,13055.686394000002,14112.137079333334,14501.750390000001
59,10362.166722666667,11589.745044666668,12686.352332666667,13268.37031,14312.203327999998,14744.789759333333
60,10586.703300666668,11786.727270000001,12865.833679333335,13481.223106333333,14516.372363,14957.216660333332
61,10717.473268333333,11956.962029,13038.257281333334,13724.400043333333,14719.368616666667,15181.659618666667
62,10870.406945333334,12129.314660999999,13216.699759000001,13908.820709,14933.906396,15384.908278666664
63,11013.044675,12323.308706333335,13410.693646,14135.148684333333,15143.656094666667,15657.657702666666
64,11171.010971000002,12530.081351333332,13616.726080333334,14337.140957333335,15356.800318,15900.731643
65,11379.330952999999,12688.965241333333,13802.967707000002,14533.578634333333,15583.353599,16153.270324333333
66,11488.542318666667,12890.697081999999,14002.945661333333,14726.321618,15762.397607333332,16341.896295666666
67,11649.959723333333,13067.358573,14225.747744333334,14936.271746999999,15952.578703666666,16570.713678999997
68,11823.507706666665,13254.532654999997,14469.831704999999,15164.932330333335,16157.628615666667,16792.810599
69,11965.286334333332,13402.141729999998,14648.992299999998,15367.974678666667,16346.060275999998,17016.67499533333
70,12074.852705,13608.399311666666,14843.244632,15535.548051,16585.625966333333,17242.220958
71,12256.255706000002,13826.762676666667,15063.711961333334,15803.166707666665,16794.949055,17469.222943
72,12372.470061,13996.360699333332,15247.130632666667,15994.649013333334,17002.515395333332,17679.832617666667
73,12534.164985000001,14197.223981333334,15453.993638,16197.163661333332,17189.812421333332,17947.01329866667
74,12685.911655333335,14376.052300333331,15657.551368,16415.338675333333,17416.874329333332,18167.55739833333
75,12818.821748333334,14535.164992,15879.317044999998,16606.505632,17608.58909266667,18396.83938
76,12944.222688666667,14687.600056000001,16074.300050666667,16823.699236333334,17801.525354333335,18637.307962000003
77,13071.119626333333,14838.021357666667,16288.118998333333,17032.917976333334,18010.933002,18834.023634666668
78,13202.518383666667,15001.457611666667,16454.58157833333,17224.28576166667,18213.063319666668,19370.700676666664
79,13319.150924333335,15147.909323666667,16652.76694266667,17493.764400666667,18396.101316333334,19548.968394333333
80,13459.871292000002,15314.227024666667,16912.886619333334,17675.43053633333,18626.590331666666,19736.90867466667
81,13637.451887000001,15525.144974666668,17069.89725366667,17880.798419333336,18810.390313666663,19932.994365333332
82,13848.086992999999,15832.941611666667,17273.293018,18099.159717666666,19033.188660999997,20117.885033333336
83,13949.791749333332,16054.384629,17488.496621333335,18296.507676666664,19241.842667,20327.061653
84,14080.226341666666,16226.440349999999,17668.816010333336,18506.628036666665,19443.945964333336,20513.327995666667
85,14219.680309333335,16425.880273333332,17865.190347,18725.482304666668,19669.523716,20714.043617333333
86,14356.965064333335,16581.405004,18043.438991,18925.320625,19866.620779,20932.354608666665
87,14499.008258333333,16756.762346,18243.974685333334,19131.741364999998,20050.371964666665,21098.606745
88,14635.534684,16926.318565666665,18430.982033333334,19344.696681,20273.287296666665,21277.100244666668
89,14760.194698666666,17098.179340333332,18623.489697333334,19561.633348666666,20490.573247333334,21460.223039333334
90,14870.775063666666,17266.126315,18810.372034666667,19789.544026,20698.583920666668,21659.540018000003
91,14990.511735,17441.684961666662,19004.320701,19983.023326,20941.922664666665,21909.317016999998
92,15114.237308333331,17611.614386,19196.239074333334,20243.103345333333,21129.493713333333,22106.782992666664
93,15236.791531333334,17760.178724666668,19420.834620666665,20447.49967233333,21342.109362333333,22290.399074999998
94,15349.315324999998,17964.665016,19598.277648333333,20677.316347333333,21599.839448666666,22493.717670333335
95,15466.649373666667,18155.928374,19785.804431,20891.574064999997,21835.681359,22724.22766666667
96,15590.461015666668,18409.117380666667,20035.28960533333,21118.716398666667,22042.488575,22898.397922333334
97,15699.396292,18538.03197566667,20184.781710333333,21313.738981666665,22251.614967999998,23115.517377666667
98,15842.633644666668,18747.727632666665,20380.867958,21522.733529333334,22458.529075333336,23311.621904333337
99,15948.170026333333,18944.020987,20570.01829133333,21746.77856733333,22672.42368066667,23490.637620333335
100,16067.588011666667,19124.116659,20763.996283666664,21995.79397833333,22865.092277666667,23736.604611333332
101,16194.998979666669,19323.923985666668,20918.76029933333,22232.320308666665,23122.430324666668,23925.659258999996
102,16289.923429666667,19515.460332,21133.685668333335,22437.23233566667,23316.124359999998,24152.902364999998
103,16389.836709,19719.682296333336,21297.502676666667,22659.910280666667,23523.169994,24335.411310333333
104,16497.652053666665,19921.340942333332,21515.731413999998,22872.827370666666,23769.27471133333,24730.810960000003
105,16598.803281666664,20102.337598666665,21721.884965999998,23073.848962666667,23980.036418,25591.598669666666
106,16715.37462866667,20309.934377666665,21902.163028666666,23286.127010666667,24194.425344666666,25720.285971333335
107,16821.772019333333,20816.30031266667,22109.494686000002,23497.969309333334,24519.570350666665,25852.720021999998
108,16915.001710333334,21011.579990333335,22289.567311333332,23726.047357000003,24722.20889733333,25995.918114666667
109,17030.353943666665,21177.43388766667,22485.723098333332,23963.886260666666,24942.221006000003,26129.612366666668
110,17190.101305666667,21440.898259333335,22668.04869966667,24151.86365433333,25148.071686333333,26289.803266000003
111,17325.399955,21634.764671333334,22861.783345666667,24336.140632666666,25339.083671666667,26492.89504666666
112,17432.475566999998,21833.834409666666,23051.017443666668,24539.199591,25555.190324666666,26706.391334666667
113,17603.277445,22101.512353,23242.769241666665,24744.725624666666,25733.798345,26934.617598666668
114,17734.675725,22258.184750666667,23473.553021999996,24938.42101066667,25917.677323,27142.525991000002
115,17859.758059333333,22461.69964466667,23657.18587266667,25125.492970000003,26141.710599666665,27348.716974333336
116,17997.102657666666,22649.40031366666,23877.761364,25341.776927333336,26343.35796033333,27559.024016
117,18128.179073,22825.134595333333,24042.73406633333,25535.166979,26530.097643666668,27766.90808933333
118,18269.633373,23030.769984333336,24230.693976,25748.17498566667,26720.710039333335,27970.989386666668
119,18402.107318333332,23215.458234333335,24460.901657666665,25953.780651333334,26920.926650666665,28159.860214
120,18529.242038666667,23418.02390433333,24625.026384666664,26150.140047333334,27116.024970666665,28353.758652666667
121,18622.965971666665,23625.366608333334,24823.617060666667,26333.058993,27286.217053666667,28616.17660533333
122,18738.779703666663,23879.635652333334,25024.264732666667,26559.136311,27564.548095000002,28859.469970000002
123,18876.679738333332,24076.669375333335,25231.72076533333,26811.365048333333,27756.702105333334,29075.273991000005
124,19009.457429666665,24263.79966733333,25437.858343333337,26977.22435,27931.240717333334,29325.457096
125,19149.492741,24470.536788333335,25643.161058666665,27218.218326666665,28110.63830066667,29541.635434
126,19281.673033666666,24699.581305,25896.80171,27385.438362999997,28284.447749,29772.256374
127,19381.89999266667,24850.600719333335,26108.621041333332,27681.783676333333,28471.847216333335,29983.77943
128,19513.342697999997,25194.189309999998,26347.228686333332,27896.324634666667,28646.226009,30264.126698000004
129,19628.386736,25404.67302033333,26578.347047,28058.498938666668,28853.282531,30495.813687666665
130,19726.028601666665,25592.244068666667,26886.57093033333,28223.368247333332,29026.559273333332,30714.18229766667
131,19829.902649,25790.664354666664,27080.97728066667,28391.801913666666,29242.256323666665,30984.164317333332
132,19933.78758433333,25983.604034,27365.63165966667,28580.595652,29395.265340666665,31207.283337999997
133,20015.374978333337,26161.448637666665,27526.807625999998,28765.552361666665,29585.46511333333,31432.35802633333
134,20219.079812333333,26359.783967666666,27735.079367666665,28957.635005333334,29974.148035000002,31665.141661999998
135,20322.659016,26553.759336,27920.235713,29114.559889,30121.244669333333,31917.210658333333
136,20430.052996,26738.159339,28119.823535333333,29309.564272333333,30295.979976666666,32125.196695000002
137,20539.87209,26920.77708233333,28300.697009,29517.662684333332,30466.581662666664,32361.318032
138,20668.764988666666,27118.830045,28539.56174866667,29708.02362766667,30613.318681666668,32590.98402666666
139,20846.281608,27303.106626000004,28738.562345666665,29903.036991999998,30780.320087999997,32799.674273000004
140,21017.864704000003,27495.760282000003,28940.569957666667,30118.847688333335,30963.860035,33025.77368433333
141,21186.410347666668,27664.242664666668,29136.816024666667,30364.90702633333,31127.703031,33204.748630333335
142,21313.274065666665,27897.600650666664,29306.54033,30601.331949,31307.569027,33400.301695
143,21496.675332333336,28088.747421666663,29530.736605333335,30806.483904333334,31593.633015666663,33596.47226333334
144,21626.685778333333,28284.206867333338,29714.148044666665,31014.973401666666,31769.742648,33804.00689433333
145,21787.887017,28494.655689000003,29900.726398,31215.303977333333,31969.52136366667,33996.91232066666
146,21912.924289666666,28694.440682666667,30109.227974999998,31426.093657999998,32173.942645000003,34213.99529766667
147,22040.26707033333,28859.64425366667,30302.625258666667,32061.632791666663,32332.406043666666,34431.356907
148,22192.69665066667,29063.108047,30492.927710333333,32278.924465333334,32532.764593666667,34714.03106066667
149,22659.00595966667,29249.298651666668,30736.83500266667,32496.870676333332,32722.473939333333,34966.200352
150,22720.276356333332,29437.099616000003,30929.120301999996,32718.66138766667,32907.620907000004,35207.325458666666
151,22870.922247333336,29667.960723666667,31141.733089999998,32938.605387999996,33199.31674,35426.170746
152,23207.689921,30014.004707,31330.10697366667,33160.500685666666,33393.33399133333,35769.58378166667
153,23367.173036000004,30219.773372,31497.140725666668,33358.220656666665,33603.98864733334,35963.09471133333
154,23535.438616999996,30383.04066633333,31692.688624333332,33586.75702433334,33807.703971999996,36176.154375000006
155,23655.754009333334,30582.961956666666,31874.509016666667,33828.90097333333,34028.50906066666,36393.624623
156,23788.392702666664,30758.760690666666,32054.540873,34042.90254933334,34205.35866433333,36654.32135266667
157,23963.983376666667,30944.1336,32284.77827733333,34219.994624666666,34371.250073,36844.089985
158,24109.754721,31180.022637,32492.662668000004,34444.93118933333,34581.75134633333,37061.15770333333
159,24275.02107633333,31331.243276666664,32759.97098266667,34635.151625,34826.290766666665,37283.718347333335
160,24388.12390933333,31529.880603333335,32898.44528866667,34851.14804933334,35000.36398566666,37475.38614266667
161,24613.820949999998,31737.518945999997,33091.20607366667,35037.942648000004,35190.60293833333,37671.903054
162,24729.78973366667,31922.895987666667,33302.171946,35215.42302766667,35411.986271,37882.03573233334
163,24866.964658333338,32095.028320666665,33472.276608,35457.775990333335,35597.698132333324,38145.27201666666
164,25005.306005333336,32272.896687,33665.73293966666,35685.05430166667,35828.440666333336,38340.795676
165,25160.642385,32451.252301666664,33859.866301333335,35922.39530900001,36037.939945666665,38564.977566333335
166,25296.534061333336,33014.258066999995,34084.93232766666,36129.48671966667,36220.065594,38736.676930999995
167,25454.681396666667,33209.61531,34269.52306433333,36338.66500833334,36430.584590000006,38981.544415000004
168,25559.964975,33365.685939999996,34490.31567533334,36648.046652,36660.64135233333,39177.20365533333
169,25658.440351666668,33527.874707999996,34666.21398933333,36850.60930233333,36872.51766533333,39385.83270666666
170,25847.915410999998,33794.304370666665,34872.789939,37188.454389666666,37119.44866166666,39622.67510066667
171,25983.30458,33947.840372666666,35056.40697433333,37439.16932733334,37319.44163633334,39799.75660633333
172,26100.255807333335,34232.055346,35279.66372166667,37687.183062000004,37495.24442366667,40010.726611
173,26205.307245,34434.62729433333,35476.633389999995,38005.225738,37747.593005,40210.666259
174,26305.387735333334,34613.423267666665,35672.91792233333,38267.994404,37944.896301,40430.64729366667
175,26490.48169466667,34857.670307333334,35893.81631266667,38583.369732,38129.297972,40634.96295566667
176,26646.11061433333,35064.24633666666,36101.70364366667,38834.90935933333,38364.434004,40865.531047
177,26800.574382000003,35296.669086,36287.30169933334,39043.128013333335,38558.95996099999,41045.97036033333
178,26952.960650333334,35576.672394999994,36475.21265366667,39249.75872033333,38754.67840833333,41269.25230033334
179,27096.995751333336,35782.289664,37061.688344,39465.615033999995,38942.02605866667,41510.10370266667
180,27205.24764066667,36005.68755433334,37229.47827966666,39652.99026166667,39127.76835766667,41765.585740333336
181,27350.957314666666,36245.629389999995,37586.09000833333,39855.130434,39322.83099466666,41981.98397933333
182,27491.211652333335,36440.638542333334,37738.87173333333,40060.995340333335,39518.089294666665,42205.282768000005
183,27601.180712666664,37048.31155133334,38221.48831666666,40276.73665666667,39700.284640000005,42389.67553766667
184,27741.714318666665,37257.890939666664,38440.555334000004,40479.71336033333,39934.173425333334,42587.125063
185,27861.912330000003,37588.263432,38656.58911066667,40691.066265,40146.058638333336,42921.06580733333
186,27939.090013333334,37822.068373333335,38853.081067,40898.68394566667,40327.205657666666,43103.09457733334
187,28055.196761999996,38044.01397733333,39162.97729833333,41106.209754999996,40535.754363,43340.34522333333
188,28194.21196,38281.92035366667,39365.441719999995,41345.84776533333,40834.156036333334,43585.57868
189,28295.421997333335,38467.717964999996,39578.37327333333,41539.815028666664,41027.46399233333,43813.30831833333
190,28431.016763333333,38688.617070333334,39765.63469566667,41733.00226566666,41220.86524966667,44052.87234
191,28554.85296233333,38917.98369066667,40016.09865866667,41931.521971999995,41393.821319,44306.66271833333
192,28665.166457666666,39097.75296866667,40213.85367733333,42126.79497366667,41589.050054333326,44540.99464433334
193,28763.836304333334,39320.94558066667,40455.49829833333,42331.523339,41794.40108933334,44777.88066866667
194,28895.594278666667,39519.888957333336,40693.193117333336,42549.766381333335,41992.058277000004,45006.12004633333
195,29070.260922,39719.21730033334,40888.96473233333,42755.22867800001,42199.942986,45225.421349000004
196,29180.976311333332,39929.298639333334,41084.172964,42917.81497000001,42407.186667,45455.058972000006
197,29456.271251000002,40180.997769333335,41279.544989333335,43126.43233933333,42633.283615,45657.74869866666
198,29610.402345666665,40406.695048,41456.79704366667,43309.88764733333,42843.161344333326,45880.93225133334
199,29729.167619999997,40630.87836933333,41663.353204666666,43516.98541666667,43068.735043,46062.85254200001
200,29894.224643666665,41127.619027999994,41868.112326,43741.63643533333,43320.836385,46308.964411
201,30013.806104333333,41307.785352,42787.2980835,43961.25864966667,43508.69933733333,46497.699658
202,30151.738723333332,41501.10697766666,42975.7189755,44164.81645933333,43751.36899933333,46702.67701166667
203,30247.137387666666,41682.584365333336,43151.13008,44393.093983333325,43971.059242999996,46920.89962933334
204,30379.99208766667,41923.984687,43340.7500985,44581.465005666665,44182.009935333335,47106.94956766666
205,30493.251959666668,42096.524954,43541.829944,44779.046377,44382.584968999996,47310.60568466667
206,30584.433634666668,42286.985079666665,43731.417537,44975.067218000004,44609.02365066666,47513.331969666666
207,30667.162021333334,42474.128644,43875.961064999996,45193.642934,44850.77365233333,47698.961019333336
208,30885.048707666665,42675.45874933334,44052.3871185,45399.29135666666,45080.90996733333,47894.84771133333
209,31077.18197533333,42853.382031,43186.805964,45596.052329,45300.03968866667,48090.09464633333
210,31145.299275333335,43022.882700333335,43407.467842,45764.395396,45530.44907266667,48283.27401466667
211,31254.292567333334,43206.064622,43610.195875,45997.26430566667,45731.91499699999,48485.89801833333
212,31349.485318000003,43394.929329666666,43786.531925,46200.544039333334,45977.904081333334,48671.70500699999
213,31481.182733666665,43588.921706,43972.792864,46418.661912,46193.024874,48865.95932633334
214,31564.660628333335,43776.60195033334,44168.268919,46626.811981000006,46415.32699266667,49069.23548366667
215,31689.176639,44024.384021666665,44455.981016,46851.982274999995,46632.90667533333,49258.17998233333
216,31779.04534333333,44239.583651,44651.701927,47057.55329166667,46863.413969333335,49453.578075000005
217,31869.660695333336,44405.124584666664,44813.997984,47326.61263133333,47085.572322,49686.72657
218,31964.692036333334,44610.34464866666,45087.689876,47572.049697333336,47311.786969999994,49879.342397
219,32062.431256333333,44807.087977999996,45257.19595,47847.596248333335,47527.59710933334,50061.28660833333
220,32144.636233333335,44990.66273399999,45405.363082,48285.43964966667,47773.752054000004,50259.089310999996
221,32232.921044,45225.579659,45613.509894,48490.62029566666,47996.76291166667,50471.75264333334
222,32336.27565733333,45478.12589,45774.271965,48672.01034233333,48222.935041,50648.991664
223,32431.761344,45713.75536933334,45928.148984,48867.593288000004,48416.246652333335,50878.79300133333
224,32604.771614333335,45886.96694400001,46106.169939,49075.412353,48640.510320666675,51065.616766666666
225,32680.47293,46072.713693333346,46262.07614,49259.706577,48849.36030733333,51268.13991833333
226,32770.269791,46320.15872,46421.247006,49445.31400966667,49055.823564666665,51464.31867266667
227,32870.400985333334,46499.816576666664,46589.385986,49681.07295066666,49278.648694,51683.923006
228,32979.624033,46696.24702166666,46748.474121,49848.98432133333,49624.564568,51933.952331333334
229,33082.262278,46832.54464466667,46914.048911,50064.717849333334,49942.920367000006,52146.956682
230,33209.860721666664,46997.397979333335,47087.218046,50274.709303999996,50153.70734566666,52359.84094933333
231,33325.00728,47158.58228966667,47281.275034,50491.19567866666,50346.189657999996,52575.344959999995
232,33409.771999,47323.495308666665,47498.209,50706.73632599999,50565.24833066666,52777.559757333336
233,33513.17207,47482.06178333333,47709.519148,50898.41795,50781.23768166666,52990.11834466667
234,33629.58614,47654.48935833334,47910.960912,51053.77038333333,50963.480075,53191.471337999996
235,33715.028683666664,47857.70463933333,48116.995096,51265.248378,51149.00040633333,53387.49670966666
236,33796.03974033333,48011.84193333334,48305.980921,51478.99166766667,51362.870613666666,53600.365957
237,33888.271252,48179.41172933334,48513.712883,51682.07303733333,51528.98796366667,53815.88315933334
238,33985.121012,48332.350651333334,48701.442003,51899.146318666666,51726.835251000004,54020.547708
239,34138.88462366667,48493.010997666664,48879.088879,52108.54069366667,51953.01596299999,54230.552355
240,34253.17104666666,48613.04330833334,49074.731111,52311.81065266667,52141.632954,54427.80931833334
241,34375.97036366666,48856.24130566666,49256.530047,52504.93598,52394.62796799999,54657.652298333334
242,34470.527331,49004.90999199999,49461.213112,52714.833974999994,52611.97900766666,54894.098043666665
243,34585.85492799999,49180.65595633333,49660.793066,52927.871068,52783.598344,55077.153365
244,34686.008692,49334.99860766667,49844.754934,53131.867965666665,52963.97964133334,55321.23096733334
245,34796.963056,49489.061674,50022.177219,53345.40136633334,53171.85839,55540.02730066667
246,34895.159324,49643.388033,50280.441045,53538.57080166667,53389.89671066666,55742.52494166667
247,34997.283617333334,49802.17925733334,50482.72109,53771.25636766667,53572.94368766667,56107.29591066667
248,35116.44299833333,49957.66099233332,50693.346977,53955.25924366667,53771.498759,56347.207943333335
249,35247.203270666665,50125.172933,50898.271799,54174.72259166666,54042.958577666664,56534.64674966667
250,35356.21293366666,50254.965067000005,51102.272987,54382.42832833333,54230.37830966667,56724.83468033333
251,35489.48272066667,50429.565907000004,51298.624038,54600.10059666666,54506.48625666666,56921.97267233333
252,35591.46928766667,50573.52232933333,51473.755121,54796.822706666666,54709.97468633333,57120.672623
253,35692.49502766667,50745.54626166667,51695.065022,55004.77139166667,54917.87966099999,57336.06529233333
254,35809.24137433333,50905.43063466667,51892.344952,55200.271686333326,55153.79977233333,57537.17772133333
255,35993.846893333335,51091.910283,52105.097055,55408.600728,55341.59207366667,57719.33992699999
256,36094.90434366667,51247.723738,52263.437033,55622.03860266667,55536.900361,57906.20629
257,36320.111433666665,51380.55698066667,52472.935915,55817.965587000006,55723.05822366666,58113.85567966666
258,36337.485075000004,51572.221597,52683.647155,56143.068075333336,55926.599343999995,58316.021363
259,36447.88654633333,51719.71869466667,53002.347947,56351.633628,56145.67112933333,58499.67757866666
260,36558.37297433333,51930.48318266667,53310.039044,56518.272399999994,56356.43299466666,58692.323684333336
261,36632.549922,52075.67302433334,53553.898096,56731.89489033333,56564.15637333333,58881.405115333335
262,36721.643448333336,52246.81830399999,53769.819975,56938.88703966667,56779.10431233334,59088.13571899999
263,36820.22658966667,52406.01356833333,53983.948231,57133.618355000006,56977.761269,59295.73504166666
264,36985.049327333334,52555.444002,54188.987017,57343.55560933333,57184.22961233333,59473.151048
265,37092.390617,52695.85633266667,54395.761967,57597.316503333335,57407.117446,59681.45068466667
266,37218.13408533333,52840.185403999996,54643.014908,57774.329026666666,57587.57034966667,60015.262683
267,37350.773255,52982.577721333335,54837.054968,57961.89610166667,57801.13498366667,60200.318575000005
268,37508.854707,53123.49232066667,55035.046101,58163.08403033333,58031.364679333325,60433.68800466667
269,37623.532692333334,53266.35932933333,55241.853953,58364.755630666674,58236.285369,60669.98243366667
270,37723.56907533333,53412.791729,55441.792011,58608.823379333335,58462.58838933334,60852.52356533334
271,37893.09827533333,53570.63730566667,55618.835926,58938.254595000006,58659.49797633333,61054.188648999996
272,38028.197368,53717.238029,55811.576844,59142.746051,58882.23608366667,61275.81063933334
273,38156.341314666664,53852.24795333334,56028.360129,59323.97039733333,59110.13396566667,61479.78361466667
274,38291.780392333334,53996.18832266666,56260.161162,59520.236095333334,59308.81834033333,61684.68968066666
275,38419.340610666666,54151.83623666666,56429.63314,59712.979713999994,59537.45627433333,61939.76807566666
276,38539.09738866667,54283.46157099999,56595.658064,59953.98736,59727.033933,62144.86567166667
277,38691.90224,54425.105015333334,56763.277054,60157.524903666665,59966.19494733333,62417.706330333334
278,39123.69132033333,54572.97897333334,56932.710171,60433.80133266666,60148.392121000004,62685.86429
279,39271.07675866667,54716.865698333335,57278.124094,60601.63402533333,60361.397664,62895.80464366667
280,39398.744027,54866.51134466667,57495.872021,60841.11658733332,60628.73633766667,63116.16468466667
281,39559.18598166667,55078.494707666665,57704.586983,61009.992679333336,60857.384045666666,63327.67168666667
282,39683.486303,55286.719322,57888.360978,61309.525330666664,61049.10302166667,63612.14502666667
283,39851.238012333335,55464.174032333336,58104.513884,61505.016963,61326.35561666667,64796.75102233334
284,40084.82734333333,55711.637656,58291.688919,61710.73706933333,61568.895022666664,64972.275257
285,40236.228942333335,55848.73660433333,58468.691826,61922.03505800001,61785.53032866667,65131.02038666667
286,40376.15466066667,55985.84461200001,58648.980141,62131.53163566667,62016.85229933334,65294.876654666674
287,40535.75197866667,56154.164394,58835.229874,62343.07130166667,62226.98330866667,65452.50336366667
288,40643.464644333326,56298.553625666675,59195.981979,62529.50016666667,62425.997416,65622.85439233332
289,40815.333286999994,56460.86160366667,59417.442084,62728.12938666667,62673.55132066667,65773.82461233334
290,40939.72905466667,56623.080333,59634.203196,62944.599389999996,62908.756335666665,65935.50499266667
291,41107.281685333335,56760.739326333336,59817.317009,63160.88597,63208.24392633333,66120.096604
292,41285.283247666666,56908.19327033334,59990.055085,63338.82602066667,63427.03866933333,66270.76427133333
293,41429.112036666666,57070.48900933333,60233.241081,63546.91640533333,63692.536354,66486.69068
294,41602.18795133333,57235.46067833333,60437.477112,63993.547439333335,63896.226724,66651.996692
295,41798.412005,57382.68740933334,60644.446135,64186.79571133334,64178.491672000004,66837.260087
296,41983.283043,57550.959428,60844.293833,64394.01038466667,64406.33869133333,67115.76294933334
297,42197.96959566666,57696.43894833333,61027.734995,64700.00672333333,64627.134958999995,67275.12494733334
298,42411.320448,57836.475610666675,61202.530861,64940.999269333326,64824.59569000001,67474.089702
299,42544.492642,58006.17663066666,61418.366193,65170.41166600001,65020.072619000006,67692.89636633334
300,42693.574587999996,58162.569920333335,61615.126133,65382.15478233333,65227.758646333335,68034.35564033334
301,42822.491646,58302.39001933333,61785.900116,65573.34677366666,65435.06805099999,68283.12333466667
302,42984.814564333334,58452.522755000005,61975.127935,65870.75638733333,65625.91934233333,68534.63594133333
303,43200.91700566667,58640.88797566667,62272.075892,66040.48331566667,65983.31642166666,68739.03441433334
304,43359.21573633333,58781.71324766667,62413.218022,66222.16224666666,66171.287616,68946.92667333334
305,43525.246779333334,58966.86299633334,62614.501,66418.55875666667,66394.52592566666,69135.22537566668
306,43675.39580666667,59154.725313,62803.099156,66631.76941866668,67038.753589,69309.82995
307,43813.53966366666,59391.33501066666,62994.851113,66793.84501766665,67255.693674,69535.45212733332
308,43938.84968766666,59556.53929733334,63248.080969,67024.41469833335,67564.16193666666,69845.17177
309,44086.627642,59730.246861666674,63448.544979,67232.845624,67794.44201766666,70077.50837
310,44253.03037933333,59893.597682333326,63620.300055,67449.424346,68009.56908866666,70323.602915
311,44445.205291,60481.44873,63882.840872,67646.03773733333,68223.122358,70543.24897133333
312,44626.568794,60749.478976000006,64090.300083,67845.71433066667,68418.596665,70795.89478166668
313,44773.483673999996,60923.978329000005,64239.868164,68066.42492599999,68633.80869199999,71042.102337
314,44983.76703233334,61108.635345999995,64440.149784,68266.71338066667,68840.59397366666,71265.00193266667
315,45111.578703,61282.06499399999,64588.961839,68474.48492033333,69057.15664266667,71504.92072133334
316,45254.86532866667,61493.53305500001,64749.204874,68679.507971,69228.625377,71719.37060366668
317,45392.627716333336,61706.891378,64900.364161,68894.03804133333,69434.86038866667,71985.33296633333
318,45547.269265,61847.23321599999,65058.001996,69100.13039933333,69626.86530733333,72249.637286
319,45666.41473733333,62054.87902966666,65167.238951,69273.33823833334,69874.361038,72468.87365933333
320,45820.47899533333,62259.000937,65394.649028,69510.45894633334,70049.37458033334,72722.99067166667
321,45990.988015999996,62407.41697933333,65555.613994,69702.41038,70228.51634,72925.97937566666
322,46135.4177,62567.81570133333,65734.562874,69904.384295,70462.55365966666,73124.22331166666
323,46318.39736266667,62744.63009833333,65905.665874,70108.943065,70650.69961566667,73347.466707
324,46468.050957,62917.196353,66102.012157,70285.32004366668,70820.78234333334,73544.43605766667
325,46598.95364433333,63078.19533333333,66271.820068,70472.79866533334,71080.542008,73743.23733633333
326,46730.05938533333,63298.91467133333,66442.055941,70667.22432766667,71264.37791166666,73939.980904
327,46840.88905666667,63473.727623666666,66610.997916,70863.80958566666,71457.70676933332,74161.79267566667
328,46991.24026299999,63652.474006,66800.971031,71077.64943466667,71661.62101466667,74390.84927266667
329,47133.736054333334,63927.72571200001,66995.688915,71328.97607533332,71828.211387,75032.79074033334
330,47254.274686,64188.179334333334,67213.692189,71531.21527,72022.68958066666,75218.84099666667
331,47400.663931999996,64367.93804166667,67372.72501,71731.10938066668,72363.970995,75427.72761966666
332,47557.93730433334,64589.35371999999,67570.389032,71946.62944466666,72599.72437233332,75645.08263266667
333,47672.28937133334,64777.472019,67784.220934,72141.88838033333,72795.68831166667,75839.60334466667
334,47846.01529433333,64970.598538666665,68041.755915,72336.31555233333,72999.31232099999,76062.59131366666
335,47959.503015,65149.802525666666,68223.990917,72536.91840166667,73185.888688,76457.749128
336,48081.347386,65319.544077,68417.804002,72757.20334033332,73371.98805799999,76664.347887
337,48224.216381666665,65505.626996666666,68594.194889,72945.26902866668,73594.332695,76864.53390066668
338,48347.11130466667,65701.25834166666,68767.260074,73150.87660166668,73820.86809466667,77048.21610433333
339,48477.387031,65901.143392,68959.831953,73383.44271966665,73978.37305033334,77213.079612
340,48657.305638,66073.11360033334,69168.252945,73570.70660566667,74263.61195233335,77448.65997666666
341,48823.084354666666,66254.97992900001,,73753.03641933335,74537.271341,77652.29431800001
342,48957.757711666665,66440.74368466667,,73944.77693233335,74783.85257733334,77829.03297733334
343,49085.63137066667,66613.754272,,74183.90941600001,75008.043051,78024.71057566667
344,49239.390294000004,66771.689733,,74383.398771,75351.79495833332,78203.84629566668
345,49367.312113,66981.979052,,74598.230044,75572.73634266667,78391.79476066667
346,49530.323267,67167.80511533334,,74792.627414,75798.74459933334,78600.920598
347,49649.95710066666,67426.33811666667,,74983.373006,76004.11423033332,78792.24824933334
348,49794.360638000006,67685.815732,,75189.116319,76230.38736966667,78992.75104166666
349,49924.512307,67877.98325233335,,75420.43765400001,76433.15935133334,79176.12004333333
350,50077.85820933333,68075.532357,,75606.37402533334,76641.44794133333,79472.66197199999
351,50235.03963133334,68266.85992833333,,75802.10773166666,76857.374986,79626.92864766666
352,50351.425965666676,68418.53435866667,,75998.980999,77057.73639633333,79820.255677
353,50524.80864533334,68593.29167966667,,76238.80370466667,77254.92294633333,80028.46471433333
354,50698.88138766666,68868.42203166668,,76427.209377,77444.20027733334,80236.546039
355,50878.39841833333,69064.92265066667,,76650.97936,77657.628377,80422.70962466666
356,51022.71930366667,69254.67101766667,,76858.996073,77846.44699099999,80627.92134300001
357,51162.56093966666,69429.67534100001,,77099.261284,78047.076782,80842.85998366667
358,51384.37700266667,69626.59001366666,,77340.73932966667,78405.30260466666,81026.816368
359,51522.290309,69795.45569433334,,77579.45982633333,78602.69594166667,81233.18028399999
360,51659.66796866667,69966.81292866667,,77835.01466100001,78831.36161166667,81417.647918
361,51809.114615,70151.22596433334,,78042.083979,79004.47066633333,81607.80008633334
362,51966.19955733334,70338.67565766665,,78298.06439066667,79205.84130266668,81781.747341
363,52098.71164933333,70577.23442666668,,78602.484703,79377.32267400001,82010.41460033333
364,52312.62699733334,70778.968016,,78872.62860933335,79572.76161533334,82205.75912799999
365,52433.16062266667,70935.63954033332,,79078.20304266666,79770.2233,82409.941276
366,52579.172213666665,71124.870618,,79720.17296166667,79959.11971733333,82645.11195766667
367,52765.945117,71285.372019,,79930.91464033333,80155.86129799999,82865.059058
368,52934.07297166667,71459.340334,,80100.64935666668,80336.29735333333,83073.47234066667
369,53092.48971933333,71621.49508800001,,80306.39123933333,80534.36605166667,83275.69071500002
370,53250.04569733333,71785.952647,,80491.87509266667,80731.49736766667,83539.90936300001
371,53398.691257,71934.39729966667,,80685.68134299999,81683.991035,83744.11423933333
372,53519.85462466666,72115.35875000001,,80877.20561,81848.792076,83949.418942
373,53749.52570566667,72304.80329200001,,81065.02238899999,82048.902591,84150.86452166666
374,53892.64305400001,72504.32658166667,,81255.03039333333,82283.17697833333,84560.26562033333
375,54092.888037,72666.18561766668,,82711.7774485,82819.24374866667,84753.08465933333
376,54286.09776533334,72865.13725933334,,82900.4166125,83076.74765566667,84954.20885066666
377,54470.538934000004,73044.737975,,83113.2096055,83297.81810433332,85203.61963866667
378,54636.229674333335,73242.70598099999,,83274.8090025,83507.56971033334,85391.70432099998
379,54805.06094333334,73415.388346,,83462.110043,83858.39231833334,85625.98896033333
380,54945.06136566666,73594.67466666666,,83667.3485045,84060.19767133333,85789.10064666667
381,55152.50070866667,73773.48764733334,,83848.956942,84278.104623,86438.88998033333
382,55514.81302633334,73962.50406933333,,84008.4766155,84554.33646833333,86649.50267466666
383,55729.125658666664,74119.817257,,84230.67212100001,84779.64504566668,86859.78102666666
384,55961.32365866667,74225.66497350001,,84476.35293,84999.19104566665,87054.04130633334
385,56152.05796566667,75312.424183,,84646.686554,85200.84436733334,87232.09929433333
386,56318.07295466666,75466.737032,,84886.8105415,85418.27400533333,87430.540721
387,56501.66630733333,75546.426773,,85060.620427,85599.41236166668,87610.94959599998
388,56742.40668633333,75676.937103,34381.117105,85265.6534905,85828.98799566667,87809.07432266667
389,56874.65810766667,75792.898179,34609.758854,85520.1975105,86120.83260233334,87994.15834733333
390,57043.95365733333,,34787.739039,85724.296451,86315.08962299999,88163.85698333332
391,57199.37070233333,,35020.003795,85943.9660315,86741.56792966666,88348.07141633333
392,57333.65742366667,,35264.328002,86348.011494,86982.87574433333,88550.055345
393,57499.947309333336,,35466.379881,86576.1221645,87203.177055,88722.00624166668
394,57718.828678,,35644.551993,86802.0271065,87447.64296233334,88962.711334
395,57836.54522866666,,35891.317129,87006.641865,87748.16799166666,89133.77793599998
396,57996.32104266667,,36034.81698,87190.0424955,87994.95808266666,89332.23843566666
397,58170.955657666666,,36216.701985,87399.94049099999,88230.17835566668,89536.13630933333
398,58321.52342799999,,36401.851177,87577.855945,88466.37034400001,89722.95379633333
399,58477.68306733333,,36606.725931,87772.5285295,88696.763754,89945.564985
400,58645.810366,,36749.794961,87966.8955805,88945.41358966666,90190.21296533332
401,58832.398017666674,,36949.648142,88144.7974445,89240.23207066667,90366.37067799999
402,59057.768901,,37104.038,88348.8100765,89455.81634833333,90554.71801733332
403,59249.999046000004,,37317.695141,88543.204546,89677.46806166666,90748.84994833333
404,59414.95132466667,,37482.125044,88764.145494,89933.01471066666,90943.05833166667
405,59571.039994,,37669.847965,88937.59298300001,90265.21666866668,91125.509818
406,59792.66929666667,,37846.466065,89102.5530095,90761.33529366665,91337.78126999999
407,59986.39671,,38005.069971,89311.7120265,90964.80027866666,91562.96507533333
408,60201.215028666666,,38166.097879,89460.5184795,91170.45394566667,91785.70437400001
409,60363.02129433333,,38351.325989,89679.69489099999,91403.39279133333,91971.84689833333
410,60525.14696133334,,38515.424967,89913.854122,91631.48697199998,92173.24543000001
411,60678.72961333334,,38687.921048,89589.450121,91792.18133266666,92355.670055
412,60865.88668833333,,38899.932861,89757.494926,92019.634326,92592.82890966667
413,61002.57364933333,,39053.246975,89960.113048,92222.537915,92784.12000333332
414,61134.39869833333,,39249.560118,90181.617975,92494.12131333334,92996.52465166665
415,61260.368029000005,,39418.452978,90366.559982,92697.95473433333,93225.09241133335
416,61466.59255,,39587.675094,90698.7679,92882.04065966666,93423.614343
417,61623.668670666666,,39781.8048,90834.141016,93129.180034,93665.30418366667
418,61832.932392333336,,39934.412956,91018.764019,93363.59167133334,93804.90891166666
419,62001.73672033334,,40125.058175,91234.655142,93625.20273466666,94024.78933333333
420,62183.51896566667,,40292.248964,91423.712969,93852.602641,94226.04330399999
421,62338.80225833333,,40468.709946,91600.650072,94036.312024,94415.906668
422,62485.06132766666,,40682.835817,91796.426058,94338.98353566666,94617.004951
423,62639.30900866666,,40855.189085,91986.549855,94553.79041,94786.60329166667
424,62785.07105500001,,41047.625065,92162.490129,94759.83063433332,94988.990704
425,62955.01565933333,,41274.877071,92343.556881,95003.50936266668,95186.21301666666
426,63108.33732266666,,41443.001985,92519.207955,95260.18071166666,95378.69103766668
427,63269.46528766667,,41582.351923,92788.127184,95504.43243966666,96011.03162766667
428,63450.88934933334,,41812.056065,92961.04908,95731.64463033334,96206.68633766666
429,63616.911331999996,,42053.653955,93169.152976,96028.76774433332,96433.04689733333
430,63761.318127000006,,42346.653939,93381.432056,96246.18466700001,96616.24797233334
431,63949.557701666665,,42684.220075,93554.775,96499.66057133333,96812.893311
432,64118.360122000006,,43081.391096,93779.357195,96739.92967599999,97035.90766566666
433,64281.88769,,43298.212767,93993.736028,96960.857948,97284.39792
434,64396.69601133334,,43524.022102,94342.643976,97191.20637533332,97502.84663866666
435,64563.217322000004,,43750.150919,94548.038005,97406.03661499999,97697.65003466669
436,64763.46826566666,,44283.015966,95247.487068,97638.437907,97896.84573766666
437,64937.651634,,44673.343897,95496.695042,97840.59357633333,98090.698004
438,65132.40528100001,,44903.312922,95734.364033,98081.885417,98270.31167366666
439,65256.568670333334,,45110.655069,95970.727921,98308.30844233332,98456.68188766665
440,65414.628346666665,,45309.367895,96210.534096,98491.898378,98665.894032
441,65524.606069,,45566.087007,96406.388998,98703.28100466666,98836.44096066667
442,65647.64102333334,,45706.449032,96593.418121,98921.58969200001,99031.47196733335
443,65771.54835033334,,45878.891945,96811.929941,99111.32073366667,99224.584977
444,65997.94665966666,,46052.460909,97085.787058,99311.77830666669,99416.18259733333
445,66153.24163466667,,46225.281,97292.216778,99528.01402399999,99592.625618
446,66348.65331633332,,46382.24101,97485.37612,99717.15927133332,99830.49265533332
447,66517.03437133333,,46562.631845,97664.569854,99911.47144633334,100013.403972
448,66702.15098066667,,46732.5809,97857.143879,100108.66697666666,100202.74567633333
449,66862.30270066667,,46880.371809,98036.746025,100338.17768066667,100387.41469366667
450,67016.70821499999,,47064.291001,98264.125109,100547.45101899999,100572.28136033332
451,67162.64502233332,,47238.438129,98499.009848,100735.64322799999,100784.77533666666
452,67320.43496733333,,47427.132845,98719.079018,100974.03796500001,101007.86066066667
453,67447.98334400001,,47580.671072,98937.180996,101205.594937,101230.27396199999
454,67581.00199666666,,47827.911138,99151.319027,101458.85658266667,101467.90393199999
455,67772.43208900001,,48045.691013,99358.373165,101695.48432033334,101666.43476466667
456,67925.06424566667,,48419.244767,99553.883076,101928.204775,101849.64402566668
457,68054.49040666666,,48567.595005,99786.819935,102156.38566033333,102099.43358066666
458,68171.12000766667,,48804.704905,99990.755081,102362.293005,102333.90339200001
459,68291.88903133334,,49030.119896,100203.733921,102627.27165266666,102543.85836933333
460,68422.60138233333,,49229.050875,100452.728033,102849.82164733333,102778.40964000001
461,68582.68928533334,,49433.300018,100662.369013,103078.74298133333,102992.059628
462,68731.28970466666,,49671.411037,100878.574133,103439.71133266667,103196.89567866667
463,68849.51368966665,,49870.877981,101072.565079,103622.483651,103412.88598333334
464,68985.91423066666,,50081.492901,101288.006783,103845.86628266667,103638.84997366666
465,69113.21338033333,,50287.651062,101475.130081,104059.81802966667,103829.49034333334
466,69263.89193533333,,50472.765922,101675.158024,104325.78738533333,104027.55896266666
467,69383.18737333333,,50713.260174,101859.575987,104562.15039899999,104233.151913
468,69495.887677,,50870.425939,102027.313948,104745.52075099999,104414.48768
469,69619.96165933333,,51043.619156,102223.797083,105026.341597,104612.59802166668
470,69737.89493266668,,51234.568119,102485.93092,105271.975994,104873.32169233332
471,69883.62272566666,,51420.792102,102633.243799,105485.150655,105055.96836433334
472,70029.067675,,51621.814966,102817.652941,105715.14527033332,105268.41632533334
473,70201.259295,,51814.701796,103011.089086,105942.43637699999,105468.56204666667
474,70310.16429233334,,52040.746927,103161.144972,106159.542719,105661.42002733333
475,70439.09168233334,,52218.925953,103465.295077,106367.14633266667,105856.33699033332
476,70559.01567133334,,52383.637905,103946.843147,106569.65510066667,106071.32260033333
477,70715.66057233333,,52565.389872,104303.045988,106800.627311,106264.50999566668
478,70810.79332066666,,52746.608018,104438.888072,107290.35671533334,106657.81275466667
479,70892.145952,,52933.606148,104569.185972,107568.26305366667,106884.02104333334
480,71011.22601799999,,53131.457091,104719.806194,107812.96277033334,107077.749014
481,71113.405307,,53340.419054,104932.337999,108023.47254766668,107257.62836133334
482,71268.968741,,53525.363923,105111.350775,108251.57801333333,107471.16597533335
483,71350.43501866667,,53766.979933,105326.097965,108446.51500366667,107661.95559533332
484,71439.325015,,53969.04707,105568.538904,108669.12206033333,107887.44505233334
485,71533.95469966666,,54096.112967,105768.995047,108881.96508066666,108078.80369833333
486,71789.83871133333,,54232.294083,105968.34898,109094.170729,108290.32031666666
487,71895.07667233334,,54380.691051,106183.455229,109280.46925866666,106728.17349399999
488,72059.56069633334,,54535.519838,106390.730858,109490.737041,107348.18601599999
489,72161.50697066667,,54681.261063,106747.653961,109673.47971566666,107534.333348
490,72280.817668,,54812.815905,106990.770817,109935.49768166667,107759.8539595
491,72404.87138466667,,54955.086947,107197.94488,110111.18340566667,108045.05205150001
492,72590.665261,,55127.263069,107375.859023,110330.31431799999,108297.17755299999
493,72719.129324,,55352.975845,107574.137211,110547.76334766667,108497.43104
494,72837.75091166666,,55571.284056,107802.018881,110794.84009733335,108838.57655550001
495,72938.697974,,55778.961181,108022.925139,111011.01962733333,109014.38701149999
496,73075.906277,,56020.992994,108210.670948,111402.97269800001,109215.4453995
497,73199.56501333333,,56217.456817,108401.211977,111601.45791366666,109457.91745149999
498,73304.12960033333,,56458.86898,108792.922019,111780.21065366665,109657.3494675
499,73423.21761433332,,56629.972935,108973.965883,112020.150264,109945.1609855
500,73538.19203366667,,56807.849169,109180.038929,112224.68964233332,110108.523488
501,73644.303401,,57031.857013,109346.0989,112413.489342,110318.614483
502,73777.61896466666,,57186.702967,109627.741098,112590.00269533333,110531.512022
503,73882.06974666666,,57399.846077,109825.504065,112778.69057666668,110745.0094225
504,74052.40043,,57582.091093,110017.392873,112963.360389,110985.5566025
505,74214.51131466667,,57785.21204,110256.698132,111486.83238,110821.10095
506,74366.66838333332,,57990.961074,110463.390111,111699.206472,110989.296913
507,74488.24397766667,,58166.780949,110686.135053,111871.08945900001,111181.019068
508,74633.830309,,58366.358996,110890.568018,112070.3800915,111517.984867
509,74783.568621,,58598.408222,111087.760926,112275.79391000001,111688.863993
510,74902.08967566666,,58803.066015,111308.13098,112564.8790595,111890.70487
511,75018.68732766667,,58950.325012,111532.027006,112781.5754415,112113.855839
512,75165.16200699999,,59130.186081,111715.969086,112988.734603,112310.485125
513,75359.61175,,59339.70809,111911.838055,113164.04652599999,112522.917032
514,75465.32305033332,,59491.002082,112125.099897,113352.7029755,112742.639065
515,75581.84337633335,,59801.774025,112313.796997,113661.320925,112937.299967
516,75683.16125833333,,60004.261017,112495.180845,113870.0250385,113122.306108
517,75794.30635766666,,60377.863884,112699.301958,112402.615071,113308.217049
518,75891.307036,,60548.696994,112896.811008,112612.993956,113640.16509
519,75993.73586966666,,60747.70379,113111.196995,112805.799008,114142.024041
520,76117.44093900001,,60966.7449,,113108.422994,114409.010172
521,76227.57506366666,,48051.9346,,113318.021059,114654.136896
522,76331.65605866666,,48233.397603000005,,113553.380967,114918.60795
523,76434.76470333333,,48448.078036,,113764.343023,115168.362856
524,76534.761667,,48642.924428,,113987.7491,115410.913944
525,76622.86440566667,,48807.704568,,114204.602003,115710.157156
526,76730.831305,,49024.094581,,114445.183038,115919.132947
527,76853.28435933334,,49194.687009,,114703.457117,116131.639004
528,76954.03567900001,,49394.2359685,,114912.471056,116373.059988
529,77078.40935366666,,49557.7145815,,115143.491983,116575.049162
530,77210.14833466666,,49737.9219535,,,116778.204918
531,77352.00063400001,,49885.682941,,,116978.482008
532,77468.67068600001,,50049.525498999996,,,117188.133955
533,77597.18290966666,,50214.0619755,,,117359.266043
534,77696.74468066667,,50416.445017000005,,,117551.453829
535,77814.78134766665,,50615.546583999996,,,117748.64006
536,77914.19402766666,,50779.4930935,,,117924.934864
537,78037.16961533333,,51086.576462,,,118117.490053
538,78150.76669066667,,51186.801552499994,,,118344.982147
539,78258.769671,,51403.4525155,,,118524.702072
540,78371.47235866667,,51582.559466,,,118763.60488
541,78500.22737166667,,51805.7109125,,,118934.457064
542,78632.60833399999,,51976.639509,,,119146.306991
543,78752.76875500001,,52189.96346,,,119358.549834
544,78884.29260266667,,52373.027563,,,119562.735081
545,79032.47062366667,,52809.1859815,,,119745.195865
546,79147.02264466666,,52995.5869915,,,119914.363146
547,79285.02305366668,,53246.266364999996,,,120097.560883
548,79399.10070133333,,53472.789407,,,120399.194003
549,79521.22632666666,,53649.682879500004,,,120556.636095
550,79679.06475066667,,53995.9634545,,,120766.918898
551,79822.74421033333,,54177.7005195,,,120912.938833
552,79965.38003266667,,54364.064097,,,121073.745012
553,80073.37888066666,,54565.171957,,,121228.428125
554,80190.53975733333,,54792.2904485,,,121402.249813
555,80294.02955366667,,54976.876021,,,121534.816026
556,80425.10938633334,,55219.1880945,,,121724.611998
557,80521.879991,,55406.57746850001,,,121926.208019
558,80672.33363733333,,55544.38042650001,,,122184.811115
559,80786.84965766668,,55759.6805095,,,122438.479901
560,80963.562727,,55963.243484499995,,,122581.955909
561,81082.15864466666,,56154.3209555,,,122889.387846
562,81211.83657633334,,56343.724012499995,,,123038.913012
563,81357.10302966666,,56546.958923,,,123308.608055
564,81518.98519233335,,56741.3189405,,,123505.661011
565,81669.92775633333,,56975.0559325,,,123739.93206
566,81794.49542333333,,57142.278432499996,,,123962.295056
567,81910.62299399999,,57353.37889199999,,,124175.523997
568,82048.64335099999,,57567.9471495,,,124374.562025
569,82173.29502133334,,57725.932479,,,124603.230953
570,82279.566606,,57914.350986499994,,,124787.523031
571,82393.06664466667,,58170.150399,,,124997.355938
572,82537.77074833332,,58375.952363000004,,,125202.05307
573,82652.883927,,58577.7970555,,,125433.323861
574,82784.14130199999,,58763.472557,,,125665.173054
575,82919.63028866665,,58961.836576500005,,,125809.632063
576,83037.36901299999,,59218.757509999996,,,126089.344025
577,83163.19799433333,,59409.005522499996,,,126285.465002
578,83273.570617,,59594.570517500004,,,
579,83393.66499599999,,59790.0949715,,,
580,83549.77631599999,,59981.003523,,,
581,83677.93337466667,,60178.5835035,,,
582,83804.49263233332,,60354.22360899999,,,
583,83977.33140000001,,60539.350032999995,,,
584,84093.806585,,60735.772014,,,
585,84202.05235533333,,60969.3750145,,,
586,84345.72664866668,,61183.9319465,,,
587,84473.22630933333,,61399.389505,,,
588,84604.403416,,61585.819006000005,,,
589,84718.68340200001,,61783.877015499995,,,
590,84840.97727133334,,62067.798972,,,
591,84954.517603,,62260.0400445,,,
592,85096.133312,,62456.6285605,,,
593,85291.99600166666,,62674.192071,,,
594,85405.27780866668,,62866.994023499996,,,
595,85536.85935333335,,63059.520959500005,,,
596,85651.90339133334,,63248.838544,,,
597,85780.41219733334,,63460.51788300001,,,
598,85946.83599466666,,63676.342607,,,
599,86085.31697566668,,63887.386440500006,,,
600,86215.87435366667,,64118.81554150001,,,
601,86353.88398166666,,64312.741995000004,,,
602,86496.25301333333,,64521.735549,,,
603,86647.412618,,64685.91249,,,
604,86782.88936633333,,64925.387502,,,
605,86917.67056766666,,65118.2544225,,,
606,87023.448944,,65353.33097,,,
607,87138.091008,,65653.16653249999,,,
608,87305.09734166667,,65804.160953,,,
609,87449.740092,,65990.6070235,,,
610,87597.05003099999,,66168.507576,,,
611,87750.34729633333,,66349.621892,,,
612,87877.15498633333,,66531.122565,,,
613,88031.89031266666,,66739.48514450001,,,
614,88194.79203233332,,66931.44095,,,
615,88367.69429866667,,67102.667093,,,
616,88531.68670366665,,67320.5803635,,,
617,88699.81900866666,,67580.2404885,,,
618,88855.81262866668,,67765.281439,,,
619,89019.35656866668,,67958.6838485,,,
620,89179.13246166667,,68142.082453,,,
621,89302.90293733333,,68371.94335449999,,,
622,89473.79597033333,,68565.2359725,,,
623,89660.78774133332,,68775.693536,,,
624,89787.035386,,68932.973862,,,
625,90003.396352,,69152.2715085,,,
626,90201.24228800001,,69356.083989,,,
627,90296.16411533333,,69613.415003,,,
628,90480.16222333333,,69815.893054,,,
629,90614.19534699999,,70015.040517,,,
630,90745.70234633335,,70198.561549,,,
631,90872.402986,,70398.7395765,,,
632,91022.18866333335,,70574.6126175,,,
633,91147.57514000002,,70769.788027,,,
634,91288.266659,,71099.8214485,,,
635,91401.14863733335,,71225.632548,,,
636,91512.98435500001,,71441.43295300001,,,
637,91635.62965433333,,71632.9635385,,,
638,91764.04802033333,,71832.508087,,,
639,92041.09978733334,,72049.29101449999,,,
640,92418.694655,,72293.2153935,,,
641,92529.68192133332,,72486.1520525,,,
642,92620.47306733334,,72683.81238,,,
643,92729.38966733334,,72871.891022,,,
644,92861.70999233333,,73070.052624,,,
645,92968.36471533333,,73270.867944,,,
646,93134.03701766666,,73428.6130665,,,
647,93261.99658700002,,73615.370035,,,
648,93489.486615,,73788.78402749999,,,
649,93603.17627599998,,74010.448933,,,
650,93734.73207166667,,74192.527056,,,
651,93831.40405066666,,74389.2254825,,,
652,93947.99900066666,,74606.9455145,,,
653,94074.74033033334,,74779.6025275,,,
654,94187.177102,,74991.82498450001,,,
655,94308.947007,,75177.7675155,,,
656,94389.16222266667,,75410.2585315,,,
657,94483.65600899998,,75923.883915,,,
658,94637.866338,,76144.1124675,,,
659,94750.25208766667,,76335.35862,,,
660,94871.09398866666,,76556.493521,,,
661,94976.00229566667,,76770.239592,,,
662,95077.92639733334,,76923.69294149999,,,
663,95215.44059133333,,77208.31453799999,,,
664,95329.68799300001,,77380.7975055,,,
665,95418.07937633332,,77651.8880125,,,
666,95521.32654233334,,77972.6480245,,,
667,95613.439083,,78258.7045435,,,
668,95722.61873866666,,78517.750502,,,
669,95817.84335766667,,78697.454095,,,
670,95912.66139366668,,78896.2055445,,,
671,96010.035992,,79088.5424615,,,
672,96093.22365100001,,79255.182505,,,
673,96193.61043,,79432.086468,,,
674,96315.32971066667,,79620.80752850001,,,
675,96392.91262599999,,79811.291575,,,
676,96492.90442466667,,79994.0530065,,,
677,96615.81738766667,,80198.7714765,,,
678,96728.36605666667,,80400.7229805,,,
679,96823.30107666667,,80618.42989900001,,,
680,96927.07824733334,,80852.8960945,,,
681,97014.802297,,81036.839366,,,
682,97115.98062466667,,81196.730495,,,
683,97239.37241233334,,81418.467522,,,
684,97335.53862600001,,81581.718087,,,
685,97552.85263033332,,81782.597542,,,
686,97660.83304033334,,81958.82391949999,,,
687,97758.36666400002,,82145.4575065,,,
688,97871.07205366665,,82311.949491,,,
689,97978.169282,,82498.711109,,,
690,98158.31589700001,,82691.0624505,,,
691,98275.40699666667,,82877.307892,,,
692,98367.01893833333,,83091.8049815,,,
693,98475.24531666667,,83265.095592,,,
694,98574.15509199999,,83456.6055535,,,
695,98706.29103966667,,83629.220486,,,
696,98829.74767666667,,83829.66136900001,,,
697,98947.704315,,84011.436462,,,
698,99065.12570366666,,84242.359638,,,
699,99179.16536366667,,84452.245474,,,
700,99295.61702433333,,84615.9800285,,,
701,99804.110368,,84796.07236399999,,,
702,99932.49638933333,,84995.248437,,,
703,100077.28592566667,,85173.247576,,,
704,100226.180951,,85375.740528,,,
705,100374.70603,,85558.1274035,,,
706,100500.18064199999,,85744.8539735,,,
707,100624.86902833334,,85956.5556045,,,
708,100761.814992,,86140.75159999999,,,
709,100922.211329,,86351.778031,,,
710,101027.76296933333,,86549.2709875,,,
711,101181.217988,,86758.2165005,,,
712,101286.53971333332,,86952.22902299999,,,
713,101397.82166533334,,87145.169854,,,
714,101531.10392899999,,87329.4140095,,,
715,101721.74803466669,,87528.13756450001,,,
716,101844.959418,,87760.610461,,,
717,101992.46939066665,,88020.325422,,,
718,102129.06265233333,,88185.791016,,,
719,102235.20867066667,,88384.97543349999,,,
720,102331.70104,,88658.6790085,,,
721,102445.55799166668,,88806.253076,,,
722,102555.87665233335,,89205.19805,,,
723,102642.99130433332,,89685.2959395,,,
724,102721.479734,,89915.463567,,,
725,102856.31704333333,,90082.95393049999,,,
726,102942.612012,,90318.489552,,,
727,103023.84869233333,,90492.5425055,,,
728,103104.95694466667,,90749.0046025,,,
729,103193.25542433334,,90951.8344405,,,
730,103276.67331666667,,91165.6299825,,,
731,103386.57609599999,,91364.5089865,,,
732,103485.50430933334,,91541.114092,,,
733,103836.46106766666,,91754.0285585,,,
734,103941.46068866667,,91937.832952,,,
735,104038.63604833333,,92173.7499235,,,
736,104116.87326433335,,92387.130022,,,
737,104219.38625966666,,92571.2366105,,,
738,104392.363707,,92722.696185,,,
739,104498.23665633333,,92925.20797250001,,,
740,104632.35394166668,,93140.9389975,,,
741,104717.71629666667,,93357.86104250001,,,
742,104843.19774366666,,93550.317526,,,
743,104973.37730699999,,93773.969054,,,
744,105046.039025,,93930.62341249999,,,
745,105142.912944,,94169.767022,,,
746,105236.591021,,94361.896515,,,
747,105370.50533300002,,94541.0629515,,,
748,105500.15076033333,,94731.259942,,,
749,105625.08694300002,,94913.78855699999,,,
750,105782.188654,,95120.154858,,,
751,105883.51956966666,,95294.96455199999,,,
752,106046.492418,,95455.787659,,,
753,106186.47845566667,,95696.96819849999,,,
754,106276.53193499999,,95907.7919715,,,
755,106493.612051,,96143.464446,,,
756,106590.648254,,96360.4114055,,,
757,106722.88266799999,,96561.6559985,,,
758,106869.78729566665,,96835.8620405,,,
759,107060.21507600001,,97010.607481,,,
760,107187.46542899999,,97260.5729105,,,
761,107336.246252,,97436.34820000001,,,
762,107471.75733300002,,97628.3410785,,,
763,107622.58911133335,,97847.116113,,,
764,107775.17461766668,,98090.7970665,,,
765,107896.784385,,98253.44455300001,,,
766,108034.93467966667,,98492.29311950001,,,
767,108167.27892533333,,98907.802463,,,
768,108318.21362166667,,99115.25940899999,,,
769,108431.10775966667,,99340.5635355,,,
770,108628.48504400002,,99600.1820565,,,
771,108761.16832066666,,99778.3405785,,,
772,108928.15319666667,,99977.962494,,,
773,109128.76900066667,,100182.677508,,,
774,109296.701113,,100380.366564,,,
775,109446.06669766665,,100585.9109165,,,
776,109599.515597,,100837.01395950001,,,
777,109735.93163533334,,101156.0915705,,,
778,109876.377344,,101376.7914765,,,
779,109983.56572833333,,101567.273497,,,
780,110090.13533599999,,101746.53399,,,
781,110214.16664166667,,101952.88491250001,,,
782,110321.90632866666,,102195.3099965,,,
783,110418.46696533334,,102381.012559,,,
784,110540.85501033334,,102558.2815405,,,
785,110657.58562099999,,102787.83643299999,,,
786,110756.52869533334,,102986.9123695,,,
787,110910.18923133334,,103178.1929735,,,
788,111039.034287,,103404.17659300001,,,
789,111125.54899866668,,103603.623509,,,
790,111302.53203733334,,103805.841565,,,
791,111530.066649,,104007.568478,,,
792,111634.72564966667,54327.05100366666,87575.00068400001,85368.83298533333,,
793,111739.29627766665,54489.68903166667,87752.14687966667,85564.10638466667,,
794,111844.66226900001,54677.04272266667,87985.35760233334,85760.64435666666,,
795,111953.36763066666,54848.12800066667,88106.97038999999,85951.52600566666,,
796,112055.80059733333,54987.32741666667,88311.296304,86153.70337166666,,
797,112170.42462033335,55169.748386333325,88517.05058400001,86360.03263799999,,
798,112274.13487433334,55306.948026,88699.39502,86602.65064233333,,
799,112376.16841,55461.94664633333,88884.69107966666,86791.88402466667,,
800,112536.22889500001,55610.400676666664,89083.384991,87044.84597800001,,
801,112635.85162166665,55799.774011,89265.27333233335,87189.49238466668,,
802,112777.59742766667,55947.02339133333,89493.52971700001,87418.40569233334,,
803,112859.37992733333,56115.476925999996,89697.60568933333,87611.27273266665,,
804,112974.47737066667,56296.195745666664,89856.10063866667,87817.447583,,
805,113113.18238566666,56460.018317,90051.35639500001,87996.10900866667,,
806,113197.17407266668,56633.61001033333,90378.98532533333,88208.23574033333,,
807,113287.05573100001,56795.92760466667,74858.554482,88396.28028866666,,
808,113384.44034266665,56973.557949,75067.326069,88613.63101,,
809,113472.016335,57140.92294399999,75280.4580925,88813.13133266667,,
810,113569.72598999999,57318.96932933333,75487.596035,89106.55999166665,,
811,113658.06158366667,57509.968678,75696.5994835,89286.613305,,
812,113762.98578566666,57679.584424,75923.571944,89493.93169066666,,
813,113847.98296266666,57855.19735,76129.549503,89706.509272,,
814,113956.86777433334,58083.806355333334,76356.21297349999,89896.31072666666,,
815,114053.49731433333,58292.778333,76539.6430485,90122.09065733333,,
816,114154.46734433334,58454.81936133333,76810.124636,90331.09172166667,,
817,114289.86668566665,58613.022962999996,77000.85008199999,90496.75289733334,,
818,114392.03008066666,58794.40601666667,77200.3334755,90821.31775233331,,
819,114486.21869066666,59345.95839166667,77401.5375375,91070.367416,,
820,114571.785689,59512.87205966667,77585.479617,91244.580428,,
821,114683.72066833334,59779.515981666664,77821.70701,91438.08937133332,,
822,114886.42104466667,59970.85531533334,77975.94594949999,91631.90960900001,,
823,114995.19507133334,60142.042637,78157.086372,91882.13062299999,,
824,115098.69170166667,60314.70100100001,78365.2490375,92071.73236166667,,
825,115215.61630566667,60472.50175466667,78564.18585750001,92273.86498433334,,
826,115305.55931766667,60626.164356999994,78807.2594405,92484.261036,,
827,115411.29326833335,60816.53833433334,79060.5295895,92851.31661133333,,
828,115492.32029933333,60987.86536833333,79346.559048,93034.81793366668,,
829,115596.57470400001,61166.220427,79609.7190385,93237.23697700001,,
830,115694.16864666667,61336.04900033333,79941.58458699999,83162.466526,,
831,115783.36906433334,61512.299379,80174.141407,83422.781944,,
832,115891.28216100001,61690.72500866667,80411.6390945,83613.63101,,
833,116003.56507299999,61837.460677,80649.8526335,83834.748506,,
834,116160.71208333333,62016.518990000004,80879.050493,84049.2914915,,
835,116267.27096233335,62232.453982,81140.5580045,84271.28648750001,,
836,116422.39999800001,62423.39062699999,81402.5874135,84485.1369855,,
837,116528.23464066668,62593.64167833333,81646.42739299999,84690.458894,,
838,116658.41643,62770.84064433334,81862.509489,84921.230912,,
839,116766.82996733334,63044.590632,82046.7083455,85137.544632,,
840,116900.902033,63217.22594933333,82257.683635,85334.153414,,
841,116994.71863100001,63379.78092766667,82456.168413,85649.090528,,
842,117110.19730566668,63575.791995,82761.9235515,85927.85453750001,,
843,117214.49772533333,63791.798353,83042.0349835,86150.8994105,,
844,117357.20968233334,63957.053025666675,83239.593029,86345.414996,,
845,117519.24490933334,64125.56989966667,83510.98740099999,86595.090508,,
846,117647.97337866668,64297.694285666665,83751.79147699999,86841.5930275,,
847,117743.586143,64471.694230999994,83976.521611,87061.365008,,
848,117866.79665233333,64663.72903166667,84187.177062,87281.38113,,
849,117966.22133266665,64824.11797833334,84416.534543,87467.916012,,
850,118084.26054333332,65024.218718,84643.31758,87672.4245545,,
851,118216.06405600002,65190.427700333326,85085.02304500001,87959.2846635,,
852,118343.53566166667,65403.414647,85457.7445985,88141.4514785,,
853,118455.74768399999,65605.91904333334,85623.4560015,88337.5205995,,
854,118594.26140766667,65771.60429966667,85841.4220805,88584.325075,,
855,118698.657672,65971.94337833334,86026.84950849999,88769.7179315,,
856,118802.920262,66122.33233466667,86212.30995699999,88949.93400549999,,
857,118922.092756,66328.12603333332,86368.6765435,89123.13544700001,,
858,119061.41829433333,66537.50467333333,86784.9265335,89312.401891,,
859,119182.937622,66701.08532900001,86965.7325745,89521.316409,,
860,119360.05798933333,66852.57522233333,87263.4069915,89715.20793450001,,
861,119467.818022,67045.190573,87426.3180495,89934.1363905,,
862,119614.73870266667,67222.13959700002,87620.5750705,90122.96438250001,,
863,119765.90267833334,67393.40329166666,87803.4970755,90327.118516,,
864,119897.592624,67589.89922233333,87944.8840625,90515.761018,,
865,120016.05868366668,67772.90360133334,88451.992631,92702.717066,,
866,120128.180345,67927.49452566667,89479.234815,92993.7280415,,
867,120265.77003766666,68150.22873866667,89618.1620365,93275.96640599999,,
868,120390.19624333334,68337.14604366667,89743.76595,93486.2235785,,
869,120507.81464566667,68524.63364566666,89864.14849749999,93683.22050550001,,
870,120637.89439166668,68724.915266,90037.56153549999,93853.71029399999,,
871,120750.839392,68901.550611,90163.924098,94047.64986050001,,
872,120844.53725833334,69076.429685,90298.107624,94212.12112950001,,
873,120959.54934733333,69270.99593500001,90443.65799400001,94390.3764485,,
874,121117.87199999999,69432.48963366667,90613.707423,94564.68153,,
875,121217.601935,69602.56870566665,90770.991087,94762.74657250001,,
876,121321.06089566665,69782.10735333333,90913.621426,94909.991503,,
877,121439.48499333335,70027.09770166666,91045.578956,95076.03859849999,,
878,121567.04767533334,70191.96200399999,91187.349558,95289.5100115,,
879,121738.42438066668,70380.89728399999,91349.3009805,95458.2959415,,
880,121852.48899466667,70615.35962366666,91538.6624335,95617.61999149999,,
881,121975.63934333333,70817.893028,91704.570532,95816.613436,,
882,122099.16790333332,71006.18696233333,91941.702843,95984.5650195,,
883,122225.91702166667,71227.797985,92080.235004,96243.821383,,
884,122348.88426466666,71471.510649,92286.45753849999,96421.842933,,
885,122469.00701533332,71675.52963866666,92423.384547,96597.5774525,,
886,122577.04321566666,71869.007985,92660.449147,96811.71250299999,,
887,122745.52901633334,72114.9261,92851.19915,96987.71202549999,,
888,122889.79832333334,72350.53682333333,93001.148462,97178.7084335,,
889,123021.37788166666,72671.347618,93188.7894865,97353.6173105,,
890,123164.73197933333,72943.89430666667,93352.4035215,97587.6375435,,
891,123312.48935066666,73193.43439733335,93498.7159965,97730.837941,,
892,123425.782442,73421.64031666667,93692.940951,97940.7584665,,
893,123533.05705400002,73736.901283,93862.666011,98150.8760455,,
894,123682.39696799999,73986.97098099999,93998.29185000001,98324.874997,,
895,124295.60565966666,74336.01061499999,94171.7734335,98507.3469875,,
896,124410.24470333334,74594.088316,94339.293003,98703.2024865,,
897,124581.79235466667,74893.53132300002,94533.707022,98882.311582,,
898,124721.06393166666,75359.94799933334,94700.8420225,99075.95694050001,,
899,124877.73338966665,75636.20471933333,94851.199984,99316.075921,,
900,124993.26038366667,75853.06994133334,95029.2345285,99526.4004475,,
901,125113.19510166667,76084.47106666667,95205.566645,99693.7644485,,
902,125287.23406766668,76303.83467666667,95381.0335395,99861.7205615,,
903,125501.45737333332,76510.36612166667,95526.89898,100065.82951499999,,
904,125656.95667233334,76687.40836733334,95676.1519905,100271.4275125,,
905,125821.98103299999,76900.07710400001,95879.0564535,100499.040365,,
906,125979.25297433334,77130.96992166666,96053.5779,100684.53609899999,,
907,126108.60967666667,77319.72829500001,96245.912432,100833.51469000001,,
908,126347.97294966667,77575.49866033334,96425.93109550001,101033.43153,,
909,126447.02831933333,77812.64694499999,96617.5950765,101269.26899000001,,
910,126581.84607833333,78065.042575,96757.6500175,101441.232443,,
911,126707.44903866667,78269.24498866666,96949.1870405,101665.76933849999,,
912,126855.327924,78449.49769966667,97131.9900755,101833.2819935,,
913,126957.08632433333,78663.46224166667,97278.7545925,102059.0809585,,
914,127099.53800866667,78984.69392466667,97688.7035375,102286.9254355,,
915,127220.503648,79166.26866666666,97782.742023,102469.0389635,,
916,127340.65135300001,79351.042032,98088.91105699999,102645.3080175,,
917,127473.245382,79612.39274333333,98405.19046750001,102833.72557149999,,
918,127639.93398366666,79965.81300100002,98577.8279305,103006.613016,,
919,127801.45827933332,80252.40198766667,98730.71456,103161.35692600001,,
920,127954.74664366666,80436.67538966668,98931.790114,103345.39604200001,,
921,128043.51528466666,80658.203999,99106.13358,103621.706605,,
922,128237.373034,80847.09564900001,99283.540964,103778.6194085,,
923,128369.32992933334,81046.610594,99472.7104905,103946.17211849999,,
924,128467.25861233333,81256.02030733334,99673.915982,104166.2420035,,
925,128754.82869166667,81432.33998633333,99825.217366,104368.000984,,
926,128996.74733500001,81625.78829133333,100033.074498,104554.316044,,
927,129129.47225566667,81789.871931,100220.1464175,104731.448412,,
928,129263.44339033334,82049.83901966667,81875.839949,104928.622484,,
929,129420.04998533333,82226.22267433333,82137.252093,105097.53799499999,,
930,129554.97463533333,82405.13602866667,82344.014168,105289.742112,,
931,129677.77633666666,82631.86939533334,82499.193191,99213.201999,,
932,129785.71764600002,82814.25603233332,82700.712204,99377.203941,,
933,130236.967007,83136.716922,82875.838042,99539.345026,,
934,130369.696617,83299.39977333334,83121.973992,99691.868067,,
935,130515.78036933334,83516.35424333332,83289.674998,99847.683191,,
936,130666.20278333333,83950.15168233334,83471.606016,99968.73498,,
937,130840.7317,84096.02498966666,83645.809889,100157.026052,,
938,131024.48566766667,84347.27899233335,83825.666189,100332.677841,,
939,131137.42065400002,84519.22138566668,84025.285006,100505.800009,,
940,131246.569951,84739.98030066666,84166.927099,100665.796995,,
941,131355.77535633332,84885.163705,84559.679031,100832.244873,,
942,131458.91904833334,85106.21134466666,84732.440949,100997.290849,,
943,131555.33297833335,85292.689005,84912.505865,101168.061018,,
944,131669.21742766665,85476.61034266667,85131.997824,101320.994139,,
945,131778.62596499998,85670.26726433334,85305.665017,101525.857925,,
946,131926.96833633332,85890.29701533333,85490.695,101675.497055,,
947,132043.53634533336,86100.181341,85702.461958,101789.921046,,
948,132150.241693,86329.091946,85880.614996,101913.661003,,
949,132264.31266433335,86483.075539,86091.685057,102032.254934,,
950,132691.19898466664,86685.06630233333,86273.847819,102156.702042,,
951,132793.69099966667,86856.07035933335,86417.738915,102339.262008,,
952,132901.59408266665,87040.57423266665,86787.415982,102581.888914,,
953,133011.21203133333,87262.06938399999,87015.275002,102776.908874,,
954,133131.445408,87473.89570833334,87180.709124,102998.149872,,
955,133250.69904366668,87695.21967566667,87385.968923,103237.123012,,
956,133379.12861500002,87928.58489366667,87664.407015,103437.803983,,
957,133511.4312176667,88113.87427666667,87903.58901,103602.861881,,
958,133624.210676,88280.07260999999,88031.505108,103800.158023,,
959,133766.49904233334,88470.75128566667,88226.638079,104030.499935,,
960,133885.415633,88652.271748,88381.183147,104218.792915,,
961,133995.80923733333,88807.06199033333,88606.986999,104392.998934,,
962,134113.372008,88997.90294966666,88798.248053,104619.99917,,
963,134253.77837800002,89158.08129300001,89047.807932,104806.380034,,
964,134370.16995733333,89332.85435066668,89239.692927,104964.882135,,
965,134571.754376,89537.18829166668,89431.314945,105171.535969,,
966,134663.6330283333,89751.276334,89619.646788,105347.741127,,
967,134836.136341,89925.42409866666,89823.177099,105542.263985,,
968,134963.72962,90122.58736300001,90050.086975,105817.375899,,
969,135079.96296866666,90426.56095833333,90248.071909,106014.713049,,
970,135226.34935366668,90623.45600133332,90452.620984,106197.327137,,
971,135380.932252,90777.50372933333,90640.346051,106341.292858,,
972,135488.66470633334,90952.23132766667,90819.908142,106525.030851,,
973,135623.73137466668,91116.77662533334,91032.541991,106725.090026,,
974,135839.884281,91270.10162699998,91214.593887,106934.817075,,
975,135977.64539733334,91422.95432066667,91431.15592,107092.516899,,
976,136140.12058633333,91597.65132300001,91712.312937,107341.05897,,
977,136272.62163133334,91773.61806233333,91829.386949,107565.219879,,
978,136407.29729333334,91945.65860433334,92032.744169,107753.046036,,
979,136542.59800899998,92117.65575399999,92266.008138,107934.740066,,
980,136757.59895633333,92271.84534100001,92499.607086,108206.274033,,
981,136882.52099333334,92425.89799566666,92665.349961,108390.709162,,
982,137015.508334,92680.71564066666,92825.843811,108530.755043,,
983,137162.13377333333,92813.448429,93056.327104,108799.603939,,
984,137324.6243,92986.98830566666,93268.625021,108982.126951,,
985,137568.94397766667,93164.01600833335,93429.488897,109139.350891,,
986,137766.3640976667,93317.08741166668,93674.58105,109333.96697,,
987,137928.13968666666,93458.33508166666,93839.611053,109507.637024,,
988,138071.11541433333,93649.19400233333,94010.340929,109784.026146,,
989,138227.74600966668,93814.41386533332,94210.453987,109953.111887,,
990,138406.15375866668,94002.14068133333,94420.587063,110115.493775,,
991,138554.83301466666,94165.39216066668,94593.56904,,,
992,138675.29638566668,94311.56579633332,94768.867016,,,
993,138836.285353,94473.62899766666,94999.519824,,,
994,139012.197733,94623.41801333333,95148.895979,,,
995,139141.31490366664,94779.884418,95408.114195,,,
996,139306.87340100002,94928.73915033333,95577.51298,,,
997,139453.46570033333,95107.814709,95794.538974,,,
998,139576.48992533333,95255.12170766667,95955.172062,,,
999,139740.598917,95406.10996933334,96179.302931,,,
1000,139890.02601300002,95566.33305533334,96440.66596,,,
1001,140043.388367,95759.162267,96667.32502,,,
1002,140164.7793453333,95939.20795133333,96808.269977,,,
1003,140273.28062066666,96131.28773366667,96952.961922,,,
1004,140422.97259966665,96349.04607166666,97093.776941,,,
1005,140618.54179766666,96499.753952,97417.724132,,,
1006,140743.4336343333,96694.855372,97569.907188,,,
1007,140930.30357366664,96873.18158166665,97739.07113,,,
1008,141057.648977,97064.63758166666,97912.883997,,,
1009,141188.75996233334,97240.11135099999,98115.993977,,,
1010,141327.92528466668,97424.16715633334,98396.193981,,,
1011,141466.79870299998,97612.31843600002,98580.157041,,,
1012,141587.70990366666,97843.34333766667,98838.849068,,,
1013,141715.15536333332,98027.23328266667,98935.698033,,,
1014,141828.04107666665,98248.35435566667,99104.496956,,,
1015,141968.549331,98425.986926,99279.56295,,,
1016,142062.29400633334,98623.54238866665,99477.74911,,,
1017,142337.70990400002,98814.12251733332,99648.889065,,,
1018,142442.07104033334,99002.11834866666,99869.464159,,,
1019,142591.69801066667,99202.03471166668,100084.901094,,,
1020,142712.99624433334,99415.33803933334,100233.675003,,,
1021,142889.74229499997,99611.81163766666,100579.284907,,,
1022,143002.86603,99782.1033,100782.838106,,,
1023,143111.92631766666,99985.51805833333,100920.646191,,,
1024,143233.52773966666,100179.09669899999,101154.763937,,,
1025,143358.19403333333,100346.00861866667,101450.17004,,,
1026,143466.60375633332,100514.28524666668,101631.997109,,,
1027,143614.56791566664,100704.718431,101868.897915,,,
1028,143739.89200599998,100943.725268,102081.229925,,,
1029,143855.71368533332,101101.30167,102252.111196,,,
1030,143973.66603266666,101257.91160266667,102483.788013,,,
1031,144127.48630833335,101413.75700666667,102673.167944,,,
1032,144211.60928399998,101583.28461666666,102849.539042,,,
1033,144325.325966,101764.85498733334,103063.657999,,,
1034,144487.40545866665,101946.70597666666,103227.86212,,,
1035,144622.80408499998,102105.50602266665,103459.16605,,,
1036,144773.24501633333,102334.36099700001,103640.213967,,,
1037,144893.34074633333,102509.86496633333,104223.751068,,,
1038,145014.77162033334,102676.522573,104521.749019,,,
1039,145164.00496166668,102845.07799099998,104707.137108,,,
1040,145281.92202266667,103023.05070566667,104928.639889,,,
1041,145400.63770566668,103220.24059300001,105114.156008,,,
1042,145569.10467166666,103380.80430066667,105312.834024,,,
1043,145662.36130433332,103539.887269,105546.855927,,,
1044,145798.59924333333,103706.87031733333,105721.642018,,,
1045,145944.24263633334,103851.74242666666,106037.802935,,,
1046,146081.61362,104062.69041699999,106214.704991,,,
1047,146190.23068766666,104207.92659133334,106402.529002,,,
1048,146312.92804066668,104380.05177199999,106592.270851,,,
1049,146454.06603800002,104557.74887433334,106792.334079,,,
1050,146800.26372299998,104738.87769366667,106989.856005,,,
1051,146872.78636333332,104946.88494999999,107167.351961,,,
1052,146989.507675,105152.19767866668,107353.869915,,,
1053,147075.86407666668,105328.45298466667,107582.970857,,,
1054,147207.44657566666,105543.50670166667,107764.841795,,,
1055,147368.74198933333,105729.57420333331,108022.402048,,,
1056,147489.94970333332,105896.557331,108225.826025,,,
1057,147612.9434106667,106146.966696,108409.744024,,,
1058,147724.187374,106350.32963733334,108583.050012,,,
1059,147851.068338,106578.95819333334,108820.013046,,,
1060,147959.599654,106740.08766800001,109025.135994,,,
1061,148075.496356,106928.79501966666,109205.357074,,,
1062,148461.23202666666,107116.00407000001,109391.963959,,,
1063,148633.21328166666,107312.351068,109601.881981,,,
1064,148815.010945,107521.32328333333,109810.421944,,,
1065,148954.43463366665,107728.10411433334,109959.455013,,,
1066,149090.52332233335,107894.89142066667,110218.730926,,,
1067,149217.30899833332,108100.056966,110387.885093,,,
1068,149345.29542933332,108291.595936,110587.163926,,,
1069,149473.25158166667,108466.573636,110824.120999,,,
1070,149668.45822333335,108673.47629866666,111011.557818,,,
1071,149780.91406833334,108844.176928,111217.193126,,,
1072,149933.20862433335,109026.215315,111536.980867,,,
1073,150072.92771366666,109154.94298933334,111769.164086,,,
1074,150202.66032233334,109336.84158299999,111950.536967,,,
1075,150334.40097166668,109491.31830500001,112169.420004,,,
1076,150522.76603366667,109643.103361,112362.06007,,,
1077,150669.62504366666,109792.13237800001,112530.655146,,,
1078,150827.80798266668,109947.44833333335,112738.439083,,,
1079,150946.63834566667,110130.94671533332,112953.525066,,,
1080,151094.13735099998,110293.26828333334,113201.488972,,,
1081,151199.50834866668,110435.03904333334,113349.219084,,,
1082,151338.50439366666,110596.27477366668,113560.214996,,,
1083,151574.350993,110750.98800666667,,,,
1084,151673.11437966666,110914.23503566667,,,,
1085,151775.381088,111063.98797000002,,,,
1086,151914.673964,111235.02906133333,,,,
1087,152089.63696166666,111428.11361966666,,,,
1088,152182.40340566667,111639.707327,,,,
1089,152334.84435033335,111806.23602866667,,,,
1090,152455.59938766665,111993.83926400001,,,,
1091,152575.68494466666,112212.64735866665,,,,
1092,152722.12862966667,112385.50202100001,,,,
1093,152947.001616,112573.07235433334,,,,
1094,153104.00660833335,112745.37221599999,,,,
1095,153237.08287866667,112940.24165466666,,,,
1096,153339.690447,113117.54536633333,,,,
1097,153427.88894966667,113286.52628300001,,,,
1098,153547.54424066667,113438.41775266668,,,,
1099,153644.070069,113603.51832700001,,,,
1100,153779.901902,113783.442338,,,,
1101,153857.73332899998,114033.14503033333,,,,
1102,153976.45497333334,114162.08362566668,,,,
1103,154092.42661833332,114319.83137133333,,,,
1104,151811.61141399998,114509.32939866667,,,,
1105,151884.9765065,114652.63732233334,,,,
1106,152252.977848,114799.67395466666,,,,
1107,152374.746561,115015.791019,,,,
1108,152482.47849900002,115161.07662466668,,,,
1109,152602.16355350002,115329.04609033333,,,,
1110,152766.3564685,115678.47530033333,,,,
1111,152877.3519995,115821.83098766666,,,,
1112,152994.4005015,116018.18696633335,,,,
1113,153099.840045,116183.947007,,,,
1114,153213.580131,116409.25391500001,,,,
1115,153315.85848300002,112930.5499795,,,,
1116,153420.533061,113139.641524,,,,
1117,153518.853545,113316.97452049999,,,,
1118,153652.8741125,113491.311908,,,,
1119,153833.526492,113659.973025,,,,
1120,153945.61100049998,113843.5699935,,,,
1121,154072.69060600002,114048.279881,,,,
1122,154199.5085475,114191.7954685,,,,
1123,154324.0215775,114392.2220465,,,,
1124,154436.0314605,114573.27961900001,,,,
1125,154582.6705695,114747.948051,,,,
1126,154685.99557899998,114947.678089,,,,
1127,154846.32444400003,115124.9359845,,,,
1128,153246.452809,115270.2114575,,,,
1129,153406.238079,115506.5604445,,,,
1130,153531.770945,115677.698493,,,,
1131,153656.957864,115879.430056,,,,
1132,153765.547037,116055.6035045,,,,
1133,153897.83001,116232.511043,,,,
1134,154027.383804,116398.850441,,,,
1135,154168.740987,116564.628005,,,,
1136,154269.828081,116739.84301099999,,,,
1137,154467.024088,116928.36153550001,,,,
1138,154541.138887,117191.366076,,,,
1139,154642.614126,117376.148939,,,,
1140,154792.014122,117566.9599775,,,,
1141,154895.900011,117750.54907800001,,,,
1142,154973.599911,117909.3456265,,,,
1143,,118060.162425,,,,
1144,,118315.60599849999,,,,
1145,,118423.4710935,,,,
1146,,118575.37150400001,,,,
1147,,118758.7181325,,,,
1148,,118951.29120400001,,,,
1149,,119095.627546,,,,
1150,,119339.995027,,,,
1151,,119529.2589665,,,,
1152,,119708.7844605,,,,
1153,,119870.727539,,,,
1154,,120078.7980555,,,,
1155,,120247.1699715,,,,
1156,,120424.390078,,,,
1157,,120577.0804885,,,,
1158,,119716.590882,,,,
1159,,119936.096906,,,,
1160,,120123.296023,,,,
1161,,120321.885109,,,,
1162,,120494.400978,,,,
1163,,120641.62302,,,,
1164,,120959.097147,,,,
1165,,121119.777918,,,,
1166,,121336.313009,,,,
